loss,accuracy
2.2999494075775146,0.5050505050505051
1.9136502742767334,0.6195286195286195
1.7068243026733398,0.6599326599326599
1.5854746103286743,0.6767676767676768
1.5601825714111328,0.6868686868686869
1.5054125785827637,0.7037037037037037
1.506157636642456,0.7070707070707071
1.4550477266311646,0.7306397306397306
1.4771537780761719,0.7272727272727273
1.4726250171661377,0.7272727272727273
